DROP TABLE IF EXISTS "CHUCVU";
CREATE TABLE "CHUCVU" ("MaCV" VARCHAR PRIMARY KEY  NOT NULL  DEFAULT 10, "TenCV" VARCHAR DEFAULT 20);
INSERT INTO "CHUCVU" VALUES('CV01','Trưởng nhà');
INSERT INTO "CHUCVU" VALUES('CV02','Kế toán');
INSERT INTO "CHUCVU" VALUES('CV03','Bảo vệ');
DROP TABLE IF EXISTS "CLB";
CREATE TABLE "CLB" ("MaCLB" VARCHAR PRIMARY KEY  NOT NULL  DEFAULT 10, "TenCLB" VARCHAR DEFAULT 20, "TGHoatDong" VARCHAR DEFAULT 20, "DiaDiem" VARCHAR DEFAULT 20);
INSERT INTO "CLB" VALUES('GT','CLB guitar và đam mê','7h mỗi 2,4,6','Sảnh tại nhà A5');
INSERT INTO "CLB" VALUES('AV','CLB anh văn','8h mỗi 3,5,6','Sảnh tại nhà A8');
INSERT INTO "CLB" VALUES('TT','CLB Truyền thông và Thông tin','5h mỗi 2,4,6','Sảnh tại nhà A1');
INSERT INTO "CLB" VALUES('AN','CLB âm nhạc và đam mê','7h mỗi 3,5,7','Sảnh tại nhà A7');
DROP TABLE IF EXISTS "HOADON";
CREATE TABLE "HOADON" ("MaHDon" VARCHAR PRIMARY KEY  NOT NULL  DEFAULT 10, "MaPHG" VARCHAR DEFAULT 10, "ChiSoDien" VARCHAR DEFAULT 10, "ChiSoNuoc" VARCHAR DEFAULT 10, "ThanhTien" DOUBLE);
INSERT INTO "HOADON" VALUES('HD01','B05P701','68 Kw/h','8 Khối',160.755);
INSERT INTO "HOADON" VALUES('HD02','D05P1119','52 Kw/h','15 Khối',170.99);
INSERT INTO "HOADON" VALUES('HD03','A03P103','104 Kw/h','16 Khối',266.592);
INSERT INTO "HOADON" VALUES('HD04','AH1P309','143 Kw/h',' 28 Khối',400.351);
INSERT INTO "HOADON" VALUES('HD05','D02P1111','25 Kw/h','7 Khối',80.992);
DROP TABLE IF EXISTS "HOPDONG";
CREATE TABLE "HOPDONG" ("MaHopDG" VARCHAR PRIMARY KEY  NOT NULL  DEFAULT 10, "TGBD" DATETIME, "TGKT" DATETIME, "TongTien" DOUBLE, "HinhThucTT" VARCHAR DEFAULT 20, "MSSV" VARCHAR DEFAULT 10, "MaNV" VARCHAR DEFAULT 10);
INSERT INTO "HOPDONG" VALUES('HopDG01','01/02/2018','30/06/2018',1625,NULL,'17521022','null');
INSERT INTO "HOPDONG" VALUES('HopDG02','01/02/2018','30/06/2018',1625,NULL,'17521030','null');
INSERT INTO "HOPDONG" VALUES('HopDG03','01/02/2018','30/06/2018',650,NULL,'17521042','null');
INSERT INTO "HOPDONG" VALUES('HopDG04','01/02/2018','30/06/2018',875,NULL,'17521039','null');
INSERT INTO "HOPDONG" VALUES('HopDG05','01/02/2018','30/06/2018',650,NULL,'17521010','null');
INSERT INTO "HOPDONG" VALUES('HopDG06','01/01/2018','01/01/2019',3900,NULL,'null','NV01');
INSERT INTO "HOPDONG" VALUES('HopDG07','01/01/2018','01/01/2018',3900,NULL,'null','NV02');
INSERT INTO "HOPDONG" VALUES('HopDG08','01/01/2018','01/01/2018',3900,NULL,'null','NV03');
INSERT INTO "HOPDONG" VALUES('HopDG09','01/01/2018','01/01/2018',3900,NULL,'null','NV04');
INSERT INTO "HOPDONG" VALUES('HopDG10','01/01/2018','01/01/2018',3900,NULL,'null','NV05');
DROP TABLE IF EXISTS "NHANVIEN";
CREATE TABLE "NHANVIEN" ("MaNV" VARCHAR PRIMARY KEY  NOT NULL  DEFAULT 10, "HoTenNV" VARCHAR DEFAULT 20, "GioiTinh" VARCHAR DEFAULT 3, "SDT" VARCHAR DEFAULT 11, "QueQuan" VARCHAR DEFAULT 20, "NgaySinh" DATETIME, "MaCV" VARCHAR DEFAULT 10);
INSERT INTO "NHANVIEN" VALUES('NV01','Nguyễn Thị Thanh Trang','Nữ','24/03/1987','982215673','Hà Tĩnh','CV1');
INSERT INTO "NHANVIEN" VALUES('NV02','Trần Văn Tùng','Nam','01/08/1986','1225643234','Nghệ An','CV3');
INSERT INTO "NHANVIEN" VALUES('NV03','Trần Văn Dương','Nam','12/02/1982','973252345','Nghệ An','CV3');
INSERT INTO "NHANVIEN" VALUES('NV04','Võ Thị Thùy','Nữ','04/07/1988','1224637835','Hà Tĩnh','CV1');
INSERT INTO "NHANVIEN" VALUES('NV05','Nguyễn Thị Hồng Vân','Nữ','02/05/1989','984355346','Bình Dương','CV2');
DROP TABLE IF EXISTS "PHONG";
CREATE TABLE "PHONG" ("MaPHG" VARCHAR PRIMARY KEY  NOT NULL  DEFAULT (10) ,"TenPHG" VARCHAR DEFAULT (20) ,"LoaiPHG" VARCHAR DEFAULT (20) ,"MaNV" VARCHAR DEFAULT (10) );
INSERT INTO "PHONG" VALUES('B05P701','Tòa B05 Phòng 701','4 người','NV01');
INSERT INTO "PHONG" VALUES('D05P1119','Tòa D05 Phòng 1119','4 người','NV01');
INSERT INTO "PHONG" VALUES('A03P103','Tòa A03 Phòng 103','8 người','NV04');
INSERT INTO "PHONG" VALUES('AH1P309','Tòa AH1 Phòng 309','6 người','NV04');
INSERT INTO "PHONG" VALUES('D02P1111','Tòa D02 Phòng 1111','8 người','NV04');
DROP TABLE IF EXISTS "SINHVIEN";
CREATE TABLE "SINHVIEN" ("MSSV" VARCHAR PRIMARY KEY  NOT NULL  DEFAULT (10) ,"HoTenSV" VARCHAR DEFAULT (20) ,"GioiTinh" VARCHAR DEFAULT (3) ,"NgaySinh" DATETIME,"SDT" VARCHAR DEFAULT (11) ,"QueQuan" VARCHAR DEFAULT (20) ,"MaPHG" VARCHAR DEFAULT (10) ,"MaTRG" VARCHAR DEFAULT (10) ,"MaCLB" VARCHAR DEFAULT (10) );
INSERT INTO "SINHVIEN" VALUES('17521022','Võ Duy Tân','04/04/1999','Nam','Bình Dương','972215231','UIT','B05P701','null');
INSERT INTO "SINHVIEN" VALUES('17521030','Nguyễn Cao Thái','28/09/1999','Nam','Phú Yên','981345532','UIT','D05P1119','GT');
INSERT INTO "SINHVIEN" VALUES('17521042','Đặng Hữu Thành','04/05/1999','Nam','Hà Tĩnh','983243432','UIT','A03P103','AV');
INSERT INTO "SINHVIEN" VALUES('17521039','Lộc Đức Thắng','08/04/1999','Nam','Long An','972432349','UIT','AH1P309','null');
INSERT INTO "SINHVIEN" VALUES('17521010','Hà Ngủ Tân','16/01/1999','Nam','Bến Tre','972342354','UIT','D02P1111','GT');
DROP TABLE IF EXISTS "THANNHAN";
CREATE TABLE "THANNHAN" ("MSSV" VARCHAR NOT NULL  DEFAULT 10, "TenTN" VARCHAR NOT NULL  DEFAULT 20, "QuanHe" VARCHAR DEFAULT 20, "GioiTinh" VARCHAR DEFAULT 3, "DiaChi" VARCHAR DEFAULT 20, PRIMARY KEY ("MSSV", "TenTN"));
INSERT INTO "THANNHAN" VALUES('17521022','Võ Vũ Đăng','Cha','Nam','Bình Dương');
INSERT INTO "THANNHAN" VALUES('17521030','Nguyễn Văn Thanh','Cha','Nam','Phú Yên');
INSERT INTO "THANNHAN" VALUES('17521042','Trần Thanh Tú','Mẹ','Nữ','Hà Tĩnh');
INSERT INTO "THANNHAN" VALUES('17521039','Trương Kim Phụng','Mẹ','Nữ','Long An');
INSERT INTO "THANNHAN" VALUES('17521010','Hà Quang Quân','Cha','Nam','Bến Tre');
DROP TABLE IF EXISTS "TRUONG";
CREATE TABLE "TRUONG" ("MaTRG" VARCHAR PRIMARY KEY  NOT NULL  DEFAULT 10, "TenTRG" VARCHAR DEFAULT 20, "DiaChi" VARCHAR DEFAULT 20);
INSERT INTO "TRUONG" VALUES('UIT ','Đại học Công nghệ thông tin - ĐHQG Tp.HCM','Linh Trung, Thủ Đức, Tp.HCM');
INSERT INTO "TRUONG" VALUES('USSH','Đại học Khoa học Xã hội và Nhân văn - ĐHQG Tp.HCM','Linh Trung, Thủ Đức, Tp.HCM');
INSERT INTO "TRUONG" VALUES('UEL','Đại học Kinh tế Luật','Linh Trung, Thủ Đức, Tp.HCM');
INSERT INTO "TRUONG" VALUES('US ','Đại học Khoa học tự nhiên','Linh Trung, Thủ Đức, Tp.HCM');
INSERT INTO "TRUONG" VALUES('BK','Đại học Bách khoa','Linh Trung, Thủ Đức, Tp.HCM');
DROP TABLE IF EXISTS "__sm_ext_mgmt";
CREATE TABLE __sm_ext_mgmt (`id` integer primary key, `type` text not null , `value` text);
INSERT INTO "__sm_ext_mgmt" VALUES(10,'StructTree:ExpandedCategories','all-table');
INSERT INTO "__sm_ext_mgmt" VALUES(11,'StructTree:ExpandedObjects','SINHVIEN,TRUONG');
INSERT INTO "__sm_ext_mgmt" VALUES(12,'StructTree:AttachedDb','[]');
INSERT INTO "__sm_ext_mgmt" VALUES(13,'Enabled','1');
INSERT INTO "__sm_ext_mgmt" VALUES(14,'QueryHistory','SELECT * FROM sinhvien 
');
INSERT INTO "__sm_ext_mgmt" VALUES(15,'QueryHistory','SELECT * FROM SINHVIEN');
INSERT INTO "__sm_ext_mgmt" VALUES(16,'QueryHistory','SELECT * FROM SINHVIEN WHERE MSSV =17521010');
INSERT INTO "__sm_ext_mgmt" VALUES(17,'QueryHistory','SELECT* FROM PHONG
');
INSERT INTO "__sm_ext_mgmt" VALUES(18,'QueryHistory','SELECT* FROM SINHVIEN
');
INSERT INTO "__sm_ext_mgmt" VALUES(19,'QueryHistory','SELECT* FROM NHANVIEN
');
INSERT INTO "__sm_ext_mgmt" VALUES(20,'QueryHistory','SELECT* FROM PHONG
');
